old	new
0d72a364d04c0a62761be19a8f38949789835670	b79921839b02e4cbf5ae9687dd51fc5b4b7d852b
0e0fd29e92636f4647f4279fe10096ac089cc938	ffdc9ba2d4ad7c784c368ee23e7e3a768d374ff3
0f13612f8dced46e85a4a484c3776d7104d6b3c4	95651623557e5b3599dc5116801f26b9adc94483
1258e4d1e89421103dd92198b7b01ae7c1d843ef	2c5f40e46ea1ceba2e8a6502779f0279ab99c187
13c22b17437bb26bd4db4fa3a2c5352223812f4b	d8c6160a9d3ae266e310089bfa73d71cc76ed5c3
14582c17767bd71a54fe4d26dd79dacad2e94f0c	8d88fcfb4dd5a7f4803ddf90c81e6faf8b6850f4
187ab2268a679a99e8a639d58f2723bcf8a24439	3d76b301e2a8c7dfb94664a5b175617cd9b7f443
1b5bba3e6ca275b5295bd76a24231494b2042d38	417ae38e79c752ccd12a50d81ffd6c58a36bf59c
226d2ff5fe5eed60af0b017023bc516a5d181030	2baaa9be3ef6255f6920620eb94cac21249fe2b4
23fccd385f094b749287ab7a435de0b9a57e6790	1cf7eeed507daadb496c1a4fe98cd31f493e0c3f
275fc50cff3d82a39c7915f0e40fa624cffc4a76	ff2541779a7d6c37e5620cb1682b1678f316a1df
2cb7fd0a21f7814ae3e14b11e7ab1ff7f4b355fc	335962dfc2c52176c451ee6b0b924be304284a4b
357c37b57b26987891984fb6d5daa3d8bfca2f14	ea29ebb454c19aea75546c5ef7a10e30314d899a
360816289d3974e93c28cc7747f03c7a9919ad0a	cbf111c9d573d23eb7f434d30410223c4bb0da40
3a7e74443895e9b66a1365b25939efbb22ad6c95	9f4e4c503019d12a0fc7f2d804eb84921cd2ed4c
427264c2c41e7568b9fe26e82e6e429bee9941ee	742fb40cf67ecf7f5450ab34b18263a0d0dcb4f6
4291e71fd232638a631e2706ecf16e11d5559dcf	7173862237ca859d3f83e2c803d85555eb4627e6
4350f1368891f47a740c223a9850c2043df205aa	0cf78c8827ef0dffc31bd01792c40e258dde12ec
47bd4c1b6218c94bf78bd14a52ef91a2d5f87371	df0b8d365565d6ee00b66dc49a00d671836ece41
49863a2aadab97d9ace092b65949af5f094237ca	af285e2c39e202ba0a43491a3f2f3ab54f359909
4efc0d2fe632d70cf8c83290cedbb7ecfbae8477	ed99f170d020468fd4a834609389d2943c66ae16
55763b61221e6d0c097a78c7b3f73941a870a336	ea9f826049818dec16b63f690fe358a5a87ce6ba
592750c3af0dc473fa2ef8dd58856a173adfa338	766f3f9cc2ffa2ac8d529b1f731f296ee89a72ed
6288f436af60ff09c7bf5090e49d0ea434a65f2a	f50a6ae153c27e6e98fc5d9800dc41d9a1c9f821
6a9e42670f71aa0b556747f2be8f4a5be2745fd3	ded63a0eaa1f84a35b87356725e4c7a08f52901c
6c54b0c859d0a59abf0c117a9f828aca486b8739	97254d530c1dce0389aaf21a3fab1495fae8b9a4
6cfce3e32d4a178715dc6ffba0084e44da9e01d4	5d0322c9ec11d22cee9b75f52b73230304ed860d
754210f87aa1dcc367aee73d0a20748b3bb8afc1	e9538bdeefec21a857528365272fb4afa2ac1543
7dba018d884db4cf8e0c3f282acc0e768bb7583c	e80e81ce2f89a61dd7a2fbb99cf53340fcbcc404
81eebed6a4dbfe8bb8cd4d95674aeeb70702839e	d245013414d2ee133c45e7a3dd4aeab619f86631
842b4bbc8f3f770dee400de5d4de2580fe927597	6b352ed8372848f2f260e0332b4892e03051450e
87ab2e990f6ca34c1c9870657ec582b6da4d82f7	1076fd7fad03f85d0c4d784350dc559a903046f1
882d2c7e77b52d2d81624185a8b4d3d61187359c	de66861775d487494892abb93041eb932122d2f5
890bef65ba6541e8d6b043b752bd892771886868	5fa8842a0ce941de5a4864baf59483930dfd421b
8ab8a455b37bc2652ccc717070f16849d4adc618	b247b1a05a8a2e492b0f0963e8e4ea6845616fe6
8cdea2059b3bd40aafb2c750b206f1a4a24b04ab	a292b3d562142c36d492242bd34ed20e3671ac0b
909674ec117dd583e2cd460a6af2b43a0c70ee45	920d075b2ace10953f1fac158102f976bce739c0
938518e8eb324282ea92b8f18279392b482bef60	35b2d5bf8a56f3b5766f184c4e0c220d2ce7d98b
975ca9a8776580c5bd1738bd5b25ced10fef27df	a38e1b91ca8a9dd4f192f8798b8a3bf445a097ea
9e5e4a81f5aa82d22dbd64677e049201d82d04cc	f5d7a873861bc0ef2db28b24bab8346ccb9e5d8a
9f155590b7ee439dc554afd34e3f73b0b5a43c7f	482bb83caa1cbc061a176db0be29d127d9f71bb5
a1ebd93ab37daf8d503852f365dddf7b2a02f2e6	481a70391405f27308ecfeb406297c8d31f534fe
a930583056ee2e7944b540775552e2227f225505	c48d28c9ffbbe3a4a7303cb0d2bab1271a1b0242
a99bda950e75ad0e7a9f593d24d4052ecc360a5f	3c4b425d921d14a0ae558cd4d4549d0fb0506975
aa2c10ecceb2748a538d91086695ddde86479c8d	0d5a2fa21227cb9d2a436fc2f7dd6cc94c56e956
b0f46777fb28dcc06a2a8882caad39a135b2ab8c	1bd38f45413bf9d63b5c04a739aca0c4a62b86a6
b66e8b58dff40faf686687042f0896e8eb8909d1	7da494d881d942cc2fe98f72da092d69eb8e47e0
b71609d90fa4c8a259c91b90cd93d05b3547adda	dbbbb074b3c27c764a4b7307a5843cc8813a4a8f
bc0618d327666df1f13afe8bcf5b5f8ea8283c9d	ed1fcc1493bea4da541d767b3d6c161d49dc057a
bf553508b496389277688eaa765f5b544b7668f9	3979042cefed4ea23ab70d7a9c1fc03a7152fbfc
c05c26c97c0074a3fb581157b57bfad439e79729	2be60fa1caa777fa2e2ea9d9c4425008b971ce72
c1a6dd96c4c1c88c719dd7372327afb885c871d0	11c17ae7060fa59738cb570f6c225e5105108d5e
c344be0e1a44bbae392efddef3f04a78f5d4e264	11492f9aa9847a11324d2696d9a1a9bacddeb815
ce4f684af9f0833fc0f4c75433192bbb90455d35	c7df2b4db15240ded5ad41532bf6de56c10fbfdb
cee02549660851e1462cdd2cb8a3840dd60c30b1	6b50e59b0080cc4c7745399ab2c5c7c6b23f1a29
d1de2fac7c9138a9c8a0aca1ac069f3598e52dce	3bc54703b78dd574eafb7e8daa07176fcbfaf22d
da245619537dfe11b9de49bf45d538196c971777	8ec9698dad598e50a2288366650808e5823f219f
db4254bf39c0ae61170ae9efcd979c48b9f2000a	4df2fff0964c9563dd6818bc139a38c8f03c9e59
dd54fe04dbf769fcebe88eec07b0c53605ffda5f	a9d25a406bba64f5be2c26886d8e29520b4654a6
e06ae03417aee89d173a1495c52a074542573e54	28317ab09967fdf3001769b4e1bfeb275cf39e45
e2ff91fdff0e3300d0f2e927bdb3829d0178bc0f	7e3ed9a849b6ba39ab00d78b6a39c1c67326063b
e5592cda008b19579064914e5530e31a8c4ecb36	e1b7f41b9f4594a4c3206662b539b24338e84140
e99f4c1f451122ea795dd6e6c7f133ecc37e0c1f	ff6c216f3fc8a70763ff6df747df1873d852d950
ed94c49edccf5f6015f50fb312e6ff494c2eef91	a0c2fc8e0df2188411747ff1325999ec04c0d95e
ef9d35434f1fc1cbd32145ccec68a59a06e9ee96	ebbf7ed4432605a83a2622fc2999005099c8770f
f028e93e279a92136f1146f1f436fb0357d83cf3	f5763a594c6a8a2bd260101655f2a1a543dea149
f3c34fe4b1e21a2c1ef5fe005fa7587955d70a42	5f5e8221a2c653fa12ab965126d8575e955178fa
fc18f36eedc9892f5cff8307171ba3242f1a4883	6567e23d959f21780b3c6ec6fe61c7edeace4538
fe77817233bc815b0227943f72b17deb0a22615f	51040fa5423b47cb721b05943af6fa9b214f3c85
ff574d48ec059a56f226637b9ff2a83ecebf3d49	27ddbd630a0ff8519bc72bbce5cbb2f5b23522ad
